id,name,model_id:id,group_id:id,perm_read,perm_write,perm_create,perm_unlink
access_event_event_ems_coordinator,event.event.ems.coordinator,event.model_event_event,group_ems_coordinator,1,1,1,0
access_event_event_ems_lead,event.event.ems.lead,event.model_event_event,group_ems_committee_lead,1,0,0,0
access_event_event_ems_member,event.event.ems.member,event.model_event_event,group_ems_committee_member,1,0,0,0
access_event_event_ems_technology,event.event.ems.technology,event.model_event_event,group_ems_technology,1,0,0,0
access_event_event_ems_registration,event.event.ems.registration,event.model_event_event,group_ems_registration,1,0,0,0
access_event_event_ems_guest,event.event.ems.guest,event.model_event_event,group_ems_guest,1,0,0,0
access_event_event_ems_viewer,event.event.ems.viewer,event.model_event_event,group_ems_viewer,1,0,0,0
access_ems_role_admin,ems.event.role.admin,model_ems_event_role,group_ems_event_admin,1,1,1,1
access_ems_role_coordinator,ems.event.role.coordinator,model_ems_event_role,group_ems_coordinator,1,0,0,0
access_ems_role_other,ems.event.role.other,model_ems_event_role,group_ems_registration,1,0,0,0
access_ems_role_technology,ems.event.role.technology,model_ems_event_role,group_ems_technology,1,0,0,0
access_ems_role_guest,ems.event.role.guest,model_ems_event_role,group_ems_guest,1,0,0,0
access_ems_role_viewer,ems.event.role.viewer,model_ems_event_role,group_ems_viewer,1,0,0,0
access_ems_role_system,ems.event.role.system,model_ems_event_role,group_ems_system_admin,1,1,1,1
access_ems_committee_admin,ems.committee.admin,model_ems_committee,group_ems_event_admin,1,1,1,1
access_ems_committee_coord,ems.committee.coord,model_ems_committee,group_ems_coordinator,1,1,1,1
access_ems_committee_lead,ems.committee.lead,model_ems_committee,group_ems_committee_lead,1,1,1,0
access_ems_committee_member,ems.committee.member,model_ems_committee,group_ems_committee_member,1,0,0,0
access_ems_committee_viewer,ems.committee.viewer,model_ems_committee,group_ems_viewer,1,0,0,0
access_ems_committee_system,ems.committee.system,model_ems_committee,group_ems_system_admin,1,1,1,1
access_ems_member_admin,ems.member.admin,model_ems_member,group_ems_event_admin,1,1,1,1
access_ems_member_coord,ems.member.coord,model_ems_member,group_ems_coordinator,1,1,1,0
access_ems_member_lead,ems.member.lead,model_ems_member,group_ems_committee_lead,1,1,1,0
access_ems_member_member,ems.member.member,model_ems_member,group_ems_committee_member,1,0,0,0
access_ems_member_technology,ems.member.technology,model_ems_member,group_ems_technology,1,0,0,0
access_ems_member_registration,ems.member.registration,model_ems_member,group_ems_registration,1,1,1,0
access_ems_member_system,ems.member.system,model_ems_member,group_ems_system_admin,1,1,1,1
access_ems_activity_admin,ems.activity.admin,model_ems_activity,group_ems_event_admin,1,1,1,1
access_ems_activity_coord,ems.activity.coord,model_ems_activity,group_ems_coordinator,1,1,1,1
access_ems_activity_lead,ems.activity.lead,model_ems_activity,group_ems_committee_lead,1,1,1,1
access_ems_activity_member,ems.activity.member,model_ems_activity,group_ems_committee_member,1,1,0,0
access_ems_activity_technology,ems.activity.technology,model_ems_activity,group_ems_technology,1,1,1,0
access_ems_activity_viewer,ems.activity.viewer,model_ems_activity,group_ems_viewer,1,0,0,0
access_ems_activity_system,ems.activity.system,model_ems_activity,group_ems_system_admin,1,1,1,1
access_ems_guest_admin,ems.guest.admin,model_ems_guest,group_ems_event_admin,1,1,1,1
access_ems_guest_team,ems.guest.team,model_ems_guest,group_ems_guest,1,1,1,1
access_ems_guest_registration,ems.guest.registration,model_ems_guest,group_ems_registration,1,0,0,0
access_ems_guest_technology,ems.guest.technology,model_ems_guest,group_ems_technology,1,0,0,0
access_ems_guest_system,ems.guest.system,model_ems_guest,group_ems_system_admin,1,1,1,1
access_event_registration_ems_technology,event.registration.ems.technology,event.model_event_registration,group_ems_technology,1,1,1,0
access_event_registration_ems_registration,event.registration.ems.registration,event.model_event_registration,group_ems_registration,1,1,1,0
access_event_registration_ems_guest,event.registration.ems.guest,event.model_event_registration,group_ems_guest,1,1,1,0
access_ems_badge_category_user,ems.badge.category.user,model_ems_badge_category,base.group_user,1,0,0,0
access_ems_badge_category_admin,ems.badge.category.admin,model_ems_badge_category,group_ems_event_admin,1,1,1,1
access_ems_badge_category_system,ems.badge.category.system,model_ems_badge_category,group_ems_system_admin,1,1,1,1
access_ems_badge_admin,ems.badge.admin,model_ems_badge,group_ems_event_admin,1,1,1,1
access_ems_badge_technology,ems.badge.technology,model_ems_badge,group_ems_technology,1,1,1,0
access_ems_badge_registration,ems.badge.registration,model_ems_badge,group_ems_registration,1,1,1,0
access_ems_badge_system,ems.badge.system,model_ems_badge,group_ems_system_admin,1,1,1,1
access_ems_checkin_log_admin,ems.checkin.log.admin,model_ems_checkin_log,group_ems_event_admin,1,0,0,0
access_ems_checkin_log_technology,ems.checkin.log.technology,model_ems_checkin_log,group_ems_technology,1,0,0,0
access_ems_checkin_log_registration,ems.checkin.log.registration,model_ems_checkin_log,group_ems_registration,1,0,0,0
access_ems_checkin_log_system,ems.checkin.log.system,model_ems_checkin_log,group_ems_system_admin,1,0,0,0
access_ems_incident_admin,ems.incident.admin,model_ems_incident,group_ems_event_admin,1,1,1,1
access_ems_incident_coord,ems.incident.coord,model_ems_incident,group_ems_coordinator,1,1,1,0
access_ems_incident_technology,ems.incident.technology,model_ems_incident,group_ems_technology,1,1,1,1
access_ems_incident_viewer,ems.incident.viewer,model_ems_incident,group_ems_viewer,1,0,0,0
access_ems_incident_system,ems.incident.system,model_ems_incident,group_ems_system_admin,1,1,1,1
access_ems_committee_report_admin,ems.committee.report.admin,model_ems_committee_report,group_ems_event_admin,1,1,1,1
access_ems_committee_report_coord,ems.committee.report.coord,model_ems_committee_report,group_ems_coordinator,1,1,1,0
access_ems_committee_report_lead,ems.committee.report.lead,model_ems_committee_report,group_ems_committee_lead,1,1,1,0
access_ems_committee_report_viewer,ems.committee.report.viewer,model_ems_committee_report,group_ems_viewer,1,0,0,0
access_ems_committee_report_system,ems.committee.report.system,model_ems_committee_report,group_ems_system_admin,1,1,1,1
access_ems_audit_admin,ems.audit.log.admin,model_ems_audit_log,group_ems_event_admin,1,0,0,0
access_ems_audit_system,ems.audit.log.system,model_ems_audit_log,group_ems_system_admin,1,0,0,0
access_event_event_odoo_admin,event.event.odoo_admin,event.model_event_event,base.group_system,1,1,1,1
access_ems_role_odoo_admin,ems.event.role.odoo_admin,model_ems_event_role,base.group_system,1,1,1,1
access_ems_committee_odoo_admin,ems.committee.odoo_admin,model_ems_committee,base.group_system,1,1,1,1
access_ems_member_odoo_admin,ems.member.odoo_admin,model_ems_member,base.group_system,1,1,1,1
access_ems_activity_odoo_admin,ems.activity.odoo_admin,model_ems_activity,base.group_system,1,1,1,1
access_ems_guest_odoo_admin,ems.guest.odoo_admin,model_ems_guest,base.group_system,1,1,1,1
access_ems_badge_category_odoo_admin,ems.badge.category.odoo_admin,model_ems_badge_category,base.group_system,1,1,1,1
access_ems_badge_odoo_admin,ems.badge.odoo_admin,model_ems_badge,base.group_system,1,1,1,1
access_ems_checkin_log_odoo_admin,ems.checkin.log.odoo_admin,model_ems_checkin_log,base.group_system,1,0,0,0
access_ems_incident_odoo_admin,ems.incident.odoo_admin,model_ems_incident,base.group_system,1,1,1,1
access_ems_committee_report_odoo_admin,ems.committee.report.odoo_admin,model_ems_committee_report,base.group_system,1,1,1,1
access_ems_audit_odoo_admin,ems.audit.log.odoo_admin,model_ems_audit_log,base.group_system,1,0,0,0
